id;identity_number;mother_name;father_name
1;Auto Loan Account;invoice THX solid state;driver 24/7
2;functionalities;Integration;backing up
3;Investment Account optimizing PNG;Intelligent Soft Salad bypass Iranian Rial;eco-centric
4;solution orchestration leading-edge;Operations Avon e-markets;calculate District Interactions
5;Handmade Concrete Computer;Liaison;withdrawal hub
6;Clothing indigo compressing;Nebraska embrace Keyboard;back up distributed 24 hour
7;Peso Uruguayo Uruguay Peso en Unidades Indexadas deposit Senior;Infrastructure;North Dakota
8;card contingency;Dynamic Club Home Loan Account;Rustic digital hack
9;neutral Wooden;efficient solutions;compress
10;card;compress;Granite
