id;name;surname;birthday
1;Alaska;Cotton Garden Home Loan Account;2021-02-06
2;relationships synergy;transform;2021-02-06
3;asymmetric leading-edge out-of-the-box;5th generation Intelligent;2021-02-06
4;interactive Platinum bypass;Plastic Security invoice;2021-02-06
5;Planner Supervisor;Ports Metal Sausages;2021-02-07
6;invoice;Kyrgyz Republic Towels Florida;2021-02-06
7;Buckinghamshire grey;experiences;2021-02-06
8;cyan SMTP;knowledge user Security Central;2021-02-07
9;French Guiana Burundi;cyan green;2021-02-06
10;Gorgeous Communications Nebraska;Secured;2021-02-06
